id;nome;descricao;tipo
1;Duna;Paul Atreides disputa o controle do planeta deserto de Arrakis;AVENTURA
2;O Alienista;Simão Bacamarte interna meio vilarejo em seu manicômio;MISTERIO
3;1984;Winston Smith vive sob a vigilância constante do Grande Irmão;ROMANCE
4;Drácula;Um conde vampiro deixa a Transilvânia rumo a Londres;MISTERIO
5;A Hora da Estrela;A vida miúda de Macabéa, retirante alagoana no Rio;ROMANCE
6;O Nome da Rosa;Um frade investiga mortes estranhas em uma abadia medieval;MISTERIO
7;Éramos Seis;Dona Lola cria quatro filhos na São Paulo dos anos 1920;ROMANCE
8;Moby Dick;O capitão Ahab persegue a baleia branca pelos mares;AVENTURA
9;Assassinato no Expresso Oriente;Poirot investiga um crime em um trem preso na neve;MISTERIO
10;O Pequeno Príncipe;Um piloto encontra no deserto um menino de outro planeta;AVENTURA
11;Dom Casmurro;Bentinho narra o ciúme que o separa de Capitu;ROMANCE
12;A Volta ao Mundo em 80 Dias;Phileas Fogg aposta que dá a volta no mundo em 80 dias;AVENTURA
13;Ética a Nicômaco;Aristóteles investiga o que torna uma vida humana virtuosa;ROMANCE
14;O Cão dos Baskerville;Holmes enfrenta a lenda de um cão demoníaco nos pântanos;MISTERIO
15;Memórias Póstumas de Brás Cubas;Um defunto autor narra com ironia a própria vida;ROMANCE
16;2001 Uma Odisseia no Espaço;Uma missão a Júpiter e o computador HAL 9000;AVENTURA
17;O Cortiço;A vida dos moradores de um cortiço no Rio do século XIX;ROMANCE
18;Orgulho e Preconceito;Elizabeth Bennet e o sr. Darcy entre bailes e mal-entendidos;ROMANCE
19;A Ilha do Tesouro;Jim Hawkins acha um mapa e embarca atrás de um tesouro;AVENTURA
20;O Silêncio dos Inocentes;Clarice Starling pede ajuda a um psiquiatra canibal;MISTERIO
21;Capitães da Areia;Meninos de rua sobrevivem juntos nas areias de Salvador;AVENTURA
22;Grande Sertão Veredas;Riobaldo relembra a vida de jagunço e o amigo Diadorim;ROMANCE
23;O Alienista;Edição comentada da novela de Machado de Assis;MISTERIO
24;As Vinhas da Ira;A família Joad migra para a Califórnia na Grande Depressão;ROMANCE
25;E Não Ficou Nenhum;Dez convidados morrem um a um em uma ilha isolada;MISTERIO
26;Vinte Mil Léguas Submarinas;O capitão Nemo navega os oceanos no submarino Nautilus;AVENTURA
27;A Moreninha;Augusto e Carolina vivem um romance em uma ilha carioca;ROMANCE
28;O Código Da Vinci;Robert Langdon segue pistas escondidas em obras de arte;MISTERIO
29;Robinson Crusoé;Um náufrago sobrevive quase trinta anos em uma ilha deserta;AVENTURA
30;Ensaio sobre a Cegueira;Uma epidemia de cegueira branca desmonta a sociedade;ROMANCE
